layer,mean_probability
1,0.06146099671489928
2,0.07809290241373865
3,0.05276538710968454
4,0.13689446525314036
5,0.16229285979710023
6,0.12309374087937869
7,0.11259681482879842
8,0.13618346427054956
9,0.14539440876031257
10,0.1364854078692239
11,0.13648471082295693
12,0.14310724044800235
13,0.1272368751585273
14,0.22734990629726548
15,0.2454899256814362
16,0.24729762019916737
17,0.25990800985300133
