layer,mean_probability
1,0.5248614268833963
2,0.563517163740599
3,0.49372879980477824
4,0.6135275533844767
5,0.6538584368881544
6,0.6043043193455295
7,0.5934842357175438
8,0.416649712307142
9,0.3927254120735653
10,0.4128552307091156
11,0.43947048980584996
12,0.4048216687222462
13,0.43020080191669274
14,0.42417111527843004
15,0.3718161712824522
16,0.35093021327860624
17,0.32806282605300463
