layer,mean_probability
1,0.5255231211026108
2,0.5640674235038271
3,0.4943211626037305
4,0.6143461013605521
5,0.6545448089541237
6,0.605022003482146
7,0.5940612137201295
8,0.4174872087183818
9,0.39353287325428477
10,0.41364253556435404
11,0.4400690118520836
12,0.4050624337476851
13,0.43040675861768674
14,0.4234095054244401
15,0.36993779262248044
16,0.34884402079590704
17,0.3259762913916135
