layer,mean_probability
1,0.06184907707329677
2,0.07850207103382956
3,0.053377195141377884
4,0.1376617640469071
5,0.16316058717438756
6,0.12374319406170663
7,0.11304935925958022
8,0.13623177498377104
9,0.14524772607686737
10,0.13635416962599942
11,0.13623663702954872
12,0.14281586864719328
13,0.1267086856666102
14,0.2245339985100957
15,0.24244346451134063
16,0.24460516719025213
17,0.25758650486447776
