layer,mean_probability
1,0.16258197987038228
2,0.17994355038944546
3,0.2046793778760777
4,0.34122611010813636
5,0.34326913181581337
6,0.316808106494093
7,0.3134246754298564
8,0.2815265584756034
9,0.20869386114835464
10,0.217604713484093
11,0.19867914812018475
12,0.22768181119666056
13,0.1917570673150045
14,0.3005142848055672
15,0.23854500954263602
16,0.17566570037424012
17,0.1808713829620845
