layer,mean_probability
1,0.16258197977621522
2,0.17994355019411024
3,0.20467937755852256
4,0.34122611272052317
5,0.3432691336297797
6,0.31680810741721266
7,0.3134246771590336
8,0.2815265553837849
9,0.2086938600928557
10,0.21760471208710913
11,0.19867914822987384
12,0.22768181178994754
13,0.19175706672309725
14,0.300514284969066
15,0.23854501235971434
16,0.17566569994410708
17,0.18087138314731419
