layer,mean_probability
1,0.22416569537321002
2,0.26116524680717973
3,0.28751638115565364
4,0.40068961497733274
5,0.4005316621426972
6,0.3861490627983373
7,0.38698614283962346
8,0.4063552390756858
9,0.34811820375988617
10,0.3560184001817335
11,0.35245360043460167
12,0.38600785634162055
13,0.350559149664184
14,0.43133905926827976
15,0.4029330377927969
16,0.27696507657379754
17,0.29387506831746374
