layer,mean_probability
1,0.22416569518541735
2,0.2611652467843848
3,0.2875163813207788
4,0.40068961346183235
5,0.40053166354884995
6,0.3861490639090477
7,0.3869861414474787
8,0.4063552368040058
9,0.3481182037656592
10,0.356018395947739
11,0.3524535984323855
12,0.3860078563375455
13,0.3505591476782681
14,0.4313390577017561
15,0.40293304090126636
16,0.27696507706654105
17,0.2938750683582144
