layer,mean_probability
1,0.4656514643456045
2,0.436402019038852
3,0.43329076287374846
4,0.5832504300385336
5,0.5076981751966352
6,0.4624178726490001
7,0.46087979848908456
8,0.46804743098243684
9,0.48874415208562644
10,0.44268981033379157
11,0.5069146997243232
12,0.4520199848940397
13,0.44100790849923643
14,0.5663498699478944
15,0.6084976783601497
16,0.6361138660941303
17,0.6133567346600256
