layer,mean_probability
1,0.4407655300919787
2,0.4066512453354011
3,0.3999972173596843
4,0.5463987224245981
5,0.47749800667545556
6,0.43731434494888377
7,0.435020551685307
8,0.4295484685039116
9,0.445432522034241
10,0.4039977931780583
11,0.47309246157311785
12,0.42017962013260796
13,0.41621042926937846
14,0.5505022394265664
15,0.615120669921576
16,0.6407786588642305
17,0.616839019644816
