layer,mean_probability
1,0.4722261241082779
2,0.44801761010065905
3,0.4467547376098742
4,0.6120942790001929
5,0.5351842805882617
6,0.49286116193445
7,0.4917815237431549
8,0.5532771614987765
9,0.5778203105259593
10,0.5362832289463927
11,0.606054424027147
12,0.5528889360728961
13,0.5392089470329542
14,0.6687144579411094
15,0.691668859343036
16,0.7128249565703434
17,0.6981509863326365
