layer,mean_probability
1,0.4283688286037156
2,0.39676188093544257
3,0.39174883610973454
4,0.5522408981515904
5,0.4833363977646587
6,0.4471177796522776
7,0.4439778995935363
8,0.4859555520192541
9,0.5092947466806932
10,0.46806669778595067
11,0.5499183152661179
12,0.4946263607704278
13,0.4892909518697045
14,0.6347777470494762
15,0.6853676435923336
16,0.7078460289071304
17,0.6893084260851445
