layer,mean_probability
1,0.42177542460163064
2,0.38559724769233117
3,0.3793724103660328
4,0.5299634256722086
5,0.460992499717723
6,0.4252323898557374
7,0.42172580998728326
8,0.4396592997799519
9,0.4621376348952048
10,0.4228890403526768
11,0.5063543622683245
12,0.4526226204887115
13,0.4450028799818536
14,0.5647826148765145
15,0.6235434926371477
16,0.6406975762019977
17,0.6204793747934528
