layer,mean_probability
1,0.4504774545839695
2,0.4218976710323996
3,0.41660536727714986
4,0.5740592213163913
5,0.5052432715892792
6,0.46404917566149445
7,0.4623124354252233
8,0.4822516295831528
9,0.4984239190816879
10,0.4544530585758003
11,0.5201208871644987
12,0.46548354835577416
13,0.46456287727809287
14,0.6302925989451543
15,0.6860490851279156
16,0.7188120248067267
17,0.6964233484066708
