layer,mean_probability
1,0.46654159267304196
2,0.43893118849117546
3,0.4366513627587932
4,0.5987193776609243
5,0.5225073810581189
6,0.4785204325759944
7,0.4773321812262764
8,0.5126662497666394
9,0.5317857744438308
10,0.4855392721481997
11,0.5521398580419955
12,0.4977319245446339
13,0.4856414151419404
14,0.6042102725519036
15,0.6362367098772529
16,0.670527477723785
17,0.6516295384388868
