layer,mean_probability
1,0.47189300943604817
2,0.446100403665481
3,0.44393660463641343
4,0.594570409964832
5,0.5183902676617985
6,0.4746769380213132
7,0.4731743723224999
8,0.5030103052521411
9,0.5302726795094737
10,0.4896231413484579
11,0.5568564464361594
12,0.5032523867220593
13,0.49070382129699297
14,0.6301893657228106
15,0.6645656029839991
16,0.6755629962295244
17,0.6566390647930687
