layer,mean_probability
1,0.47691705696510545
2,0.5214835153685675
3,0.48653986977808406
4,0.5734219233194987
5,0.47792747261548285
6,0.4916009104011035
7,0.5103706258716005
8,0.505441982457132
9,0.4909310997134507
10,0.5080256308570053
11,0.4917193546439662
12,0.4704105672210154
13,0.4892632942007046
14,0.5276987142033047
15,0.5415080952523935
16,0.5977308276927833
17,0.5989032623141703
