layer,mean_probability
1,0.46914665019691254
2,0.4479757283942619
3,0.444528596527315
4,0.5941787257241582
5,0.5183340617212342
6,0.4798891189225643
7,0.47743614655349575
8,0.4996370675487921
9,0.5234745502539455
10,0.4836511096659047
11,0.5500831997680173
12,0.4975898247724479
13,0.49041651174103557
14,0.6125884126471002
15,0.6577695049568172
16,0.6913012835561151
17,0.6732305939438685
