layer,mean_probability
1,0.47698225013704765
2,0.5202748022737012
3,0.4850302678606813
4,0.5732285007982264
5,0.47915412158158327
6,0.492921552421259
7,0.5110830212869342
8,0.506355557162019
9,0.49225717154701076
10,0.5073453967888204
11,0.49209545326552223
12,0.47176332337160903
13,0.4895919790594942
14,0.5217702477904302
15,0.5219710291407648
16,0.5355235721679434
17,0.509711618409566
