layer,mean_probability
1,0.47650637720338807
2,0.5206881628411263
3,0.4859565041550929
4,0.5730380433791672
5,0.47824451355061337
6,0.49183786944741426
7,0.5107161969162193
8,0.505688655925019
9,0.4909971843029622
10,0.5080478130969784
11,0.4918307067812907
12,0.47081312361522937
13,0.4892936595778184
14,0.5265730290587957
15,0.5359930523980366
16,0.58363119267012
17,0.5774300069757183
