layer,mean_probability
1,0.47213370145044653
2,0.4535457420788171
3,0.45096213312432276
4,0.6081090180379709
5,0.5314867595366886
6,0.4943936898480216
7,0.4920456127150343
8,0.5429931063680066
9,0.5687210713197558
10,0.5308737416989978
11,0.6003612280130416
12,0.548648332281568
13,0.5402923110855999
14,0.6659186660663216
15,0.701339345123639
16,0.7332085675188357
17,0.7195797843004773
