layer,mean_probability
1,0.43859036469334434
2,0.4031369083007187
3,0.3956785543455914
4,0.5368842578870522
5,0.46874174532502455
6,0.4263854847114345
7,0.42179382690320877
8,0.3833374580197299
9,0.3943662218871627
10,0.3513145372707685
11,0.4112531402857035
12,0.3594585343664756
13,0.3546989491633652
14,0.4804243754310327
15,0.54929958995674
16,0.5830623789531864
17,0.554951095023682
