layer,mean_probability
1,0.4687815942044863
2,0.4419320859508375
3,0.4397008267952373
4,0.59698269849637
5,0.5207840354991184
6,0.47691161867308557
7,0.47559180129991835
8,0.5086244545826913
9,0.5311524216103137
10,0.48724870231742795
11,0.5541141324620249
12,0.5000426852794728
13,0.487760442315922
14,0.6150846280853111
15,0.6480946470840695
16,0.672635250237869
17,0.6537264311314445
