layer,mean_probability
1,0.4664322425477279
2,0.4429141186433306
3,0.4386822820626516
4,0.581519923178586
5,0.5063818786057138
6,0.466708455141981
7,0.4641601618671044
8,0.4602383584473046
9,0.48235791299011527
10,0.4407387312948926
11,0.5043943069869684
12,0.4511916911030865
13,0.4450931343500691
14,0.5641258870567474
15,0.618176509261598
16,0.6532190939685153
17,0.6311119337137692
