layer,mean_probability
1,0.4760756855041294
2,0.5198540537286613
3,0.48534471181742217
4,0.5726354574247942
5,0.4785770035143626
6,0.4920863752269139
7,0.5110786072278427
8,0.5059473494983325
9,0.4910664891161151
10,0.5080710762511875
11,0.49194748497615426
12,0.47123529610492415
13,0.4893255046237323
14,0.5253924906127534
15,0.5302092680486582
16,0.5688444991611828
17,0.5549103853813673
