layer,mean_probability
1,0.43441975218433626
2,0.40158895435507075
3,0.39577493326586305
4,0.549389288075954
5,0.4804866349992979
6,0.4423326491662364
7,0.43960575045942646
8,0.45842282873151713
9,0.4781231127270991
10,0.4367941817829256
11,0.5124190361108997
12,0.45828834465765533
13,0.45361979709477807
14,0.5936422355727301
15,0.6510795654407332
16,0.6751099392894998
17,0.6539355617213027
