layer,mean_probability
1,0.42737216179421733
2,0.38726638012292186
3,0.3786605990617462
4,0.5280479560458352
5,0.4633425657733506
6,0.4198061504238655
7,0.41393263715260203
8,0.3842830106261231
9,0.38907084451796164
10,0.34343693050969804
11,0.4022943121491976
12,0.34938596147260376
13,0.34560163679628797
14,0.49217664545756723
15,0.5646336498163965
16,0.6043253633071712
17,0.5753695219921481
