layer,mean_probability
1,0.08153012270562268
2,0.11913043122208507
3,0.1259171462810141
4,0.08519318039045906
5,0.07286038677594373
6,0.09939164151799458
7,0.10339493382782244
8,0.15286132046906087
9,0.15414003223998127
10,0.18684223892877533
11,0.1533388451368993
12,0.18276003732170634
13,0.1868840106806216
14,0.1584749128158626
15,0.15461358655350607
16,0.16816399824437395
17,0.16644726076892186
