layer,mean_probability
1,0.06823089564777125
2,0.09287056306111877
3,0.09635547275412208
4,0.11942404884059675
5,0.07986576404643163
6,0.08245231273069868
7,0.0836097280355003
8,0.1341797615424588
9,0.14075359300181797
10,0.14777511501146862
11,0.1506909638282903
12,0.14691001888941482
13,0.14379106739608408
14,0.1961895535844983
15,0.20701006895331728
16,0.22828948400142715
17,0.22255219821719932
