layer,mean_probability
1,0.4357435346566963
2,0.3941846702536843
3,0.3874001258509828
4,0.5355241082325914
5,0.4673928999667563
6,0.4189565385742239
7,0.41497192040850794
8,0.3880173560065904
9,0.396741815913858
10,0.34942643424415715
11,0.4101208234362993
12,0.3570364248359726
13,0.3479555843024344
14,0.4839218113828379
15,0.5406815645577865
16,0.570376307140955
17,0.5422573204237513
