layer,mean_probability
1,0.05919929701654935
2,0.0699216906358246
3,0.06380069479414194
4,0.12218561877879427
5,0.14108896185945355
6,0.11007928831830499
7,0.10111509478543168
8,0.16092260485122772
9,0.16957451843757626
10,0.15806459040060952
11,0.1508725792780831
12,0.16158742656966937
13,0.1414409843214882
14,0.2431700414995796
15,0.2663597444951901
16,0.2631168481223998
17,0.27606510057240563
