layer,mean_probability
1,0.5528222316917446
2,0.5853627748677024
3,0.5163523934919525
4,0.6499880280566436
5,0.6849730839166376
6,0.634391807662668
7,0.6220333608846973
8,0.45641146066081195
9,0.42942262989089447
10,0.4513292134925723
11,0.4769210410952844
12,0.4358400405812319
13,0.4558906339674636
14,0.4546919427658604
15,0.4136676451137841
16,0.37910745394450646
17,0.3537699823835175
