layer,mean_probability
1,0.06454056663093743
2,0.08721751297513644
3,0.042789621882968476
4,0.15338151530535132
5,0.1855796362211307
6,0.13762217980292107
7,0.12517147789674776
8,0.11115229316469696
9,0.1205380119845547
10,0.11430201074660376
11,0.1213703142085837
12,0.12374883249815967
13,0.1117444897180906
14,0.20560461039948105
15,0.21815072456478246
16,0.22580209868787615
17,0.23881704237225845
