layer,mean_probability
1,0.062245912889847155
2,0.084519822366776
3,0.04967439119407449
4,0.1450253292532305
5,0.17411291929929162
6,0.1331517154062298
7,0.12255519160028482
8,0.12016437892403889
9,0.12834451917909265
10,0.12146126914571384
11,0.12415110854019852
12,0.12893645219548838
13,0.11482932699682603
14,0.21591102237703583
15,0.2356221955381283
16,0.23414656519889832
17,0.24816790981076892
