layer,mean_probability
1,0.06144009300794965
2,0.0723499012896341
3,0.05716451716688929
4,0.13013241810370998
5,0.15195832361629905
6,0.11412505025120251
7,0.10333083687301683
8,0.15267777895644916
9,0.16253086848212164
10,0.15158515265246084
11,0.1486008019681646
12,0.15701308518260385
13,0.13886165071528087
14,0.23338312679316614
15,0.24946350485058744
16,0.25532469056879054
17,0.26723793780631955
