layer,mean_probability
1,0.5144624821952506
2,0.5523220531254674
3,0.4818844104400355
4,0.5961021832955593
5,0.638888926086705
6,0.5864320887107277
7,0.5754713405837689
8,0.3936902445934879
9,0.370577315905488
10,0.3908904839376313
11,0.41775168548286185
12,0.3861327915815948
13,0.41452730980989105
14,0.4297913874170594
15,0.3757997270013971
16,0.34983730377719413
17,0.32793667687788663
