layer,mean_probability
1,0.5363386157614055
2,0.5755502128833968
3,0.5064789766563388
4,0.632175877378887
5,0.6698476967189811
6,0.6231953161973837
7,0.6122322703588556
8,0.4407582473041983
9,0.41599385076046314
10,0.4359048900862598
11,0.46191108518232277
12,0.4235896354633426
13,0.4459484735093351
14,0.4172077697872276
15,0.3642140818907897
16,0.34789303165303204
17,0.3240795432058912
