layer,mean_probability
1,0.1932002873009337
2,0.21991562379282173
3,0.24537649651552215
4,0.3705094187203653
5,0.3715683105376011
6,0.3511449968960408
7,0.3498411755903601
8,0.34304144239906925
9,0.277711485928431
10,0.286148709668286
11,0.27524255544850706
12,0.3061259515368584
13,0.27087815359342815
14,0.3660263814402528
15,0.3208889464095997
16,0.22640860680590869
17,0.2374449320244643
