layer,mean_probability
1,0.19361428850915216
2,0.22087152511165697
3,0.2464213129232503
4,0.3711900351616542
5,0.37212397599063723
6,0.35174932333642467
7,0.35049262662347813
8,0.34442828682575977
9,0.27895040861957654
10,0.28735198693715297
11,0.27616677981008614
12,0.3074630107942816
13,0.2717781441808979
14,0.3664374715697361
15,0.3213808694371819
16,0.2267109073980869
17,0.23781444352012354
