layer,mean_probability
1,0.19320028696786617
2,0.2199156237915329
3,0.24537649647108536
4,0.37050941931316267
5,0.3715683123808341
6,0.3511449980746428
7,0.34984117562703526
8,0.3430414396905511
9,0.27771148518258604
10,0.28614870708722817
11,0.2752425545349966
12,0.3061259515338403
13,0.2708781523001237
14,0.36602638059075204
15,0.32088894920314975
16,0.22640860688044467
17,0.23744493217666213
