layer,mean_probability
1,0.19361428836780675
2,0.2208715250032656
3,0.2464213128489199
4,0.3711900356939803
5,0.3721239775991045
6,0.3517493243540721
7,0.3504926267798073
8,0.3444282841472127
9,0.2789504080988573
10,0.2873519841105868
11,0.2761667788555768
12,0.3074630110865552
13,0.27177814288654345
14,0.3664374708614689
15,0.3213808724010936
16,0.2267109074329955
17,0.23781444363254964
