layer,mean_probability
1,0.0690299215054966
2,0.09241501555272352
3,0.09571065018871451
4,0.1209715553370734
5,0.08225677541544216
6,0.08486015221810907
7,0.08632249895059753
8,0.13526425329908875
9,0.1397156505324802
10,0.14588291574560214
11,0.147789799314655
12,0.1419971895612608
13,0.13905258059073278
14,0.20011180131829162
15,0.21331306907703165
16,0.2288938276177637
17,0.2227760461608109
