layer,mean_probability
1,0.06765565286859712
2,0.09319852543210025
3,0.09681969993902845
4,0.1183099523076542
5,0.07814440295198338
6,0.0807188365670033
7,0.0816567225534178
8,0.13339900326530965
9,0.14150083904512434
10,0.1491373662501794
11,0.15277959953579526
12,0.1504469126820396
13,0.14720244675588343
14,0.19336580931492017
15,0.2024723493373063
16,0.22785439883105826
17,0.22239104334098278
