layer,mean_probability
1,0.07089447385275205
2,0.09338764979183214
3,0.09599581998642231
4,0.13301161908673453
5,0.08894423741572756
6,0.08464778082018197
7,0.0850899800561624
8,0.13976669425183616
9,0.14903310949009432
10,0.14651723695946736
11,0.16271079535173133
12,0.1463659234013578
13,0.14009318372729024
14,0.2229894294339143
15,0.23305832131386864
16,0.2543834709022338
17,0.2492634771502108
