layer,mean_probability
1,0.06581043599035916
2,0.09240067350851076
3,0.09668229815510562
4,0.10707668634846884
5,0.07161592985715197
6,0.08045723635945011
7,0.08226458626638856
8,0.12910277705353468
9,0.1332297907701897
10,0.1489181800332201
11,0.13976824444390162
12,0.14740445197050825
13,0.1471514261125585
14,0.17183584089986118
15,0.1833393751974874
16,0.20457723013317736
17,0.19827899575055669
