layer,mean_probability
1,0.1928901467351139
2,0.22259929416187335
3,0.24787962393663485
4,0.37274013804277767
5,0.3751234599757532
6,0.3557109963742161
7,0.3542162123799876
8,0.35398020997148383
9,0.2851442372100947
10,0.29520019286426413
11,0.2855180649962761
12,0.3173985497202018
13,0.2821846901304106
14,0.37438868362855576
15,0.33402054702995526
16,0.23669363482817177
17,0.2492845121158294
