layer,mean_probability
1,0.19289014696361684
2,0.22259929446693885
3,0.24787962374403566
4,0.37274013766467673
5,0.37512345831108984
6,0.3557109954223802
7,0.35421621258377933
8,0.3539802126659143
9,0.28514423755354157
10,0.2952001957434011
11,0.28551806578911204
12,0.31739854936359874
13,0.28218469161706455
14,0.3743886843862507
15,0.3340205442172485
16,0.23669363488045048
17,0.24928451195691598
