layer,mean_probability
1,0.19435428551473113
2,0.21922368617291305
3,0.24503494423115096
4,0.3696874819720227
5,0.3692033240219675
6,0.3478914717706542
7,0.3468669929986363
8,0.3350944381796233
9,0.2729048398212919
10,0.279689425829187
11,0.2670386712224659
12,0.29776405355724245
13,0.26161707503749043
14,0.35866060904478964
15,0.30900116010972284
16,0.21693787377078877
17,0.22658992096856204
