layer,mean_probability
1,0.1943542854449983
2,0.21922368625947614
3,0.24503494387278113
4,0.36968748266350643
5,0.3692033255748664
6,0.3478914728517564
7,0.3468669934895377
8,0.33509443552012824
9,0.27290483913378033
10,0.27968942305815325
11,0.26703867010944865
12,0.2977640537921676
13,0.26161707392244216
14,0.3586606083872361
15,0.3090011632211273
16,0.2169378738828352
17,0.22658992103423276
