layer,mean_probability
1,0.4986470596292612
2,0.5431020821428559
3,0.472631345503202
4,0.5792565108119844
5,0.624588075171521
6,0.5761073375614861
7,0.5665225455909288
8,0.3791661584924706
9,0.3581992933385706
10,0.37653988090393864
11,0.4037880714850308
12,0.37476178162350043
13,0.4053178020290277
14,0.3926118460545824
15,0.3268856133238405
16,0.3190495743050343
17,0.2986133139337682
